CustomerCode,First Name,Last Name,Gender,Country,Age
430,Waseem ,Ishaq,Male,Pakistan,23
1562,Dulce,Abril,Female,United States,32
1582,Mara,Hashimoto,Female,Great Britain,25
2587,Philip,Gent,Male,France,36
3549,Kathleen,Hanner,Female,United States,25
2468,Nereida,Magwood,Female,United States,58
2554,Gaston,Brumm,Male,United States,24
3598,Etta,Hurn,Female,Great Britain,56
2456,Earlean,Melgar,Female,United States,27
6548,Vincenza,Weiland,Female,United States,40
5486,Fallon,Winward,Female,Great Britain,28
1258,Arcelia,Bouska,Female,Great Britain,39
2579,Franklyn,Unknow,Male,France,38
3256,Sherron,Ascencio,Female,Great Britain,32
2587,Marcel,Zabriskie,Male,Great Britain,26
3259,Kina,Hazelton,Female,Great Britain,31
1546,Shavonne,Pia,Female,France,24
3579,Shavon,Benito,Female,France,39
6597,Lauralee,Perrine,Female,Great Britain,28
9654,Loreta,Curren,Female,France,26
3569,Teresa,Strawn,Female,France,46
2564,Belinda,Partain,Female,United States,37
8561,Holly,Eudy,Female,United States,52
5489,Many,Cuccia,Female,Great Britain,46
5489,Libbie,Dalby,Female,France,42
6574,Lester,Prothro,Male,France,21
5555,Marvel,Hail,Female,Great Britain,28
6125,Angelyn,Vong,Female,United States,29
5412,Francesca,Beaudreau,Female,France,23
3256,Garth,Gangi,Male,United States,41
3264,Carla,Trumbull,Female,Great Britain,28
4569,Veta,Muntz,Female,Great Britain,37
7521,Stasia,Becker,Female,Great Britain,34
6458,Jona,Grindle,Female,Great Britain,26
7569,Judie,Claywell,Female,France,35
8514,Dewitt,Borger,Male,United States,36
8563,Nena,Hacker,Female,United States,29
8642,Kelsie,Wachtel,Female,France,27
9536,Sau,Pfau,Female,United States,25
2567,Shanice,Mccrystal,Female,United States,36
2154,Chase,Karner,Male,United States,37
3265,Tommie,Underdahl,Male,United States,26
8765,Dorcas,Darity,Female,United States,37
3259,Angel,Sanor,Male,France,24
3567,Willodean,Harn,Female,United States,39
6540,Weston,Martina,Male,United States,26
2654,Roma,Lafollette,Female,United States,34
6525,Felisa,Cail,Female,United States,28
3265,Demetria,Abbey,Female,United States,32
3265,Jeromy,Danz,Male,United States,39
6125,Rasheeda,Alkire,Female,United States,29
1562,Dulce,Abril,Female,United States,32
1582,Mara,Hashimoto,Female,Great Britain,25
2587,Philip,Gent,Male,France,36
3549,Kathleen,Hanner,Female,United States,25
2468,Nereida,Magwood,Female,United States,58
2554,Gaston,Brumm,Male,United States,24
3598,Etta,Hurn,Female,Great Britain,56
2456,Earlean,Melgar,Female,United States,27
6548,Vincenza,Weiland,Female,United States,40
5486,Fallon,Winward,Female,Great Britain,28
1258,Arcelia,Bouska,Female,Great Britain,39
2579,Franklyn,Unknow,Male,France,38
3256,Sherron,Ascencio,Female,Great Britain,32
2587,Marcel,Zabriskie,Male,Great Britain,26
3259,Kina,Hazelton,Female,Great Britain,31
1546,Shavonne,Pia,Female,France,24
3579,Shavon,Benito,Female,France,39
6597,Lauralee,Perrine,Female,Great Britain,28
9654,Loreta,Curren,Female,France,26
3569,Teresa,Strawn,Female,France,46
2564,Belinda,Partain,Female,United States,37
8561,Holly,Eudy,Female,United States,52
5489,Many,Cuccia,Female,Great Britain,46
5489,Libbie,Dalby,Female,France,42
6574,Lester,Prothro,Male,France,21
5555,Marvel,Hail,Female,Great Britain,28
6125,Angelyn,Vong,Female,United States,29
5412,Francesca,Beaudreau,Female,France,23
3256,Garth,Gangi,Male,United States,41
3264,Carla,Trumbull,Female,Great Britain,28
4569,Veta,Muntz,Female,Great Britain,37
7521,Stasia,Becker,Female,Great Britain,34
6458,Jona,Grindle,Female,Great Britain,26
7569,Judie,Claywell,Female,France,35
8514,Dewitt,Borger,Male,United States,36
8563,Nena,Hacker,Female,United States,29
8642,Kelsie,Wachtel,Female,France,27
9536,Sau,Pfau,Female,United States,25
2567,Shanice,Mccrystal,Female,United States,36
2154,Chase,Karner,Male,United States,37
3265,Tommie,Underdahl,Male,United States,26
8765,Dorcas,Darity,Female,United States,37
3259,Angel,Sanor,Male,France,24
3567,Willodean,Harn,Female,United States,39
6540,Weston,Martina,Male,United States,26
2654,Roma,Lafollette,Female,United States,34
6525,Felisa,Cail,Female,United States,28
3265,Demetria,Abbey,Female,United States,32
3265,Jeromy,Danz,Male,United States,39
6125,Rasheeda,Alkire,Female,United States,29
430,Waseem,Ishaq,Male,Pakistan,23
1562,Dulce,Abril,Female,United States,32
1582,Mara,Hashimoto,Female,Great Britain,25
2587,Philip,Gent,Male,France,36
3549,Kathleen,Hanner,Female,United States,25
2468,Nereida,Magwood,Female,United States,58
2554,Gaston,Brumm,Male,United States,24
3598,Etta,Hurn,Female,Great Britain,56
2456,Earlean,Melgar,Female,United States,27
6548,Vincenza,Weiland,Female,United States,40
5486,Fallon,Winward,Female,Great Britain,28
1258,Arcelia,Bouska,Female,Great Britain,39
2579,Franklyn,Unknow,Male,France,38
3256,Sherron,Ascencio,Female,Great Britain,32
2587,Marcel,Zabriskie,Male,Great Britain,26
3259,Kina,Hazelton,Female,Great Britain,31
1546,Shavonne,Pia,Female,France,24
3579,Shavon,Benito,Female,France,39
6597,Lauralee,Perrine,Female,Great Britain,28
9654,Loreta,Curren,Female,France,26
3569,Teresa,Strawn,Female,France,46
2564,Belinda,Partain,Female,United States,37
8561,Holly,Eudy,Female,United States,52
5489,Many,Cuccia,Female,Great Britain,46
5489,Libbie,Dalby,Female,France,42
6574,Lester,Prothro,Male,France,21
5555,Marvel,Hail,Female,Great Britain,28
6125,Angelyn,Vong,Female,United States,29
5412,Francesca,Beaudreau,Female,France,23
3256,Garth,Gangi,Male,United States,41
3264,Carla,Trumbull,Female,Great Britain,28
4569,Veta,Muntz,Female,Great Britain,37
7521,Stasia,Becker,Female,Great Britain,34
6458,Jona,Grindle,Female,Great Britain,26
7569,Judie,Claywell,Female,France,35
8514,Dewitt,Borger,Male,United States,36
8563,Nena,Hacker,Female,United States,29
8642,Kelsie,Wachtel,Female,France,27
9536,Sau,Pfau,Female,United States,25
2567,Shanice,Mccrystal,Female,United States,36
2154,Chase,Karner,Male,United States,37
3265,Tommie,Underdahl,Male,United States,26
8765,Dorcas,Darity,Female,United States,37
3259,Angel,Sanor,Male,France,24
3567,Willodean,Harn,Female,United States,39
6540,Weston,Martina,Male,United States,26
2654,Roma,Lafollette,Female,United States,34
6525,Felisa,Cail,Female,United States,28
3265,Demetria,Abbey,Female,United States,32
3265,Jeromy,Danz,Male,United States,39
6125,Rasheeda,Alkire,Female,United States,29
1562,Dulce,Abril,Female,United States,32
1582,Mara,Hashimoto,Female,Great Britain,25
2587,Philip,Gent,Male,France,36
3549,Kathleen,Hanner,Female,United States,25
2468,Nereida,Magwood,Female,United States,58
2554,Gaston,Brumm,Male,United States,24
3598,Etta,Hurn,Female,Great Britain,56
2456,Earlean,Melgar,Female,United States,27
6548,Vincenza,Weiland,Female,United States,40
5486,Fallon,Winward,Female,Great Britain,28
1258,Arcelia,Bouska,Female,Great Britain,39
2579,Franklyn,Unknow,Male,France,38
3256,Sherron,Ascencio,Female,Great Britain,32
2587,Marcel,Zabriskie,Male,Great Britain,26
3259,Kina,Hazelton,Female,Great Britain,31
1546,Shavonne,Pia,Female,France,24
3579,Shavon,Benito,Female,France,39
6597,Lauralee,Perrine,Female,Great Britain,28
9654,Loreta,Curren,Female,France,26
3569,Teresa,Strawn,Female,France,46
2564,Belinda,Partain,Female,United States,37
8561,Holly,Eudy,Female,United States,52
5489,Many,Cuccia,Female,Great Britain,46
5489,Libbie,Dalby,Female,France,42
6574,Lester,Prothro,Male,France,21
5555,Marvel,Hail,Female,Great Britain,28
6125,Angelyn,Vong,Female,United States,29
5412,Francesca,Beaudreau,Female,France,23
3256,Garth,Gangi,Male,United States,41
3264,Carla,Trumbull,Female,Great Britain,28
4569,Veta,Muntz,Female,Great Britain,37
7521,Stasia,Becker,Female,Great Britain,34
6458,Jona,Grindle,Female,Great Britain,26
7569,Judie,Claywell,Female,France,35
8514,Dewitt,Borger,Male,United States,36
8563,Nena,Hacker,Female,United States,29
8642,Kelsie,Wachtel,Female,France,27
9536,Sau,Pfau,Female,United States,25
2567,Shanice,Mccrystal,Female,United States,36
2154,Chase,Karner,Male,United States,37
3265,Tommie,Underdahl,Male,United States,26
8765,Dorcas,Darity,Female,United States,37
3259,Angel,Sanor,Male,France,24
3567,Willodean,Harn,Female,United States,39
6540,Weston,Martina,Male,United States,26
2654,Roma,Lafollette,Female,United States,34
6525,Felisa,Cail,Female,United States,28
3265,Demetria,Abbey,Female,United States,32
3265,Jeromy,Danz,Male,United States,39
6125,Rasheeda,Alkire,Female,United States,29
